# PARSE CONTRACT: skip lines beginning '#'. Header is the first non-# line. CSV, all fields quoted.
# w1_hand_acquire_queue.csv -- documents an agent CANNOT fetch. A human with a
# Shimadzu login, or the LabSolutions install media, is the only route.
# NOT A BACKLOG OF FAILURES. Each row records a route that was tried and what it
# returned, so nobody re-runs a fetch that is already known to be walled.
# Written by W1, 2026-09-06, from the CBM-40 controller hunt.
"pub_number","title","why_it_is_walled","route_tried","what_it_unblocks","blocking"
"228-92361A","SCL-40, CBM-40/lite Instruction Manual - System Controller","Shimadzu Gigya login. The wider PIM tree is NOT gated -- three sample PDFs from the same tree returned application/pdf -- so this file is walled specifically, not the path.","GET /an/sites/shimadzu.com.an/files/pim/pim_document_file/manuals/11266/228-92361A_SCL-40_CBM-40_CBM-40lite_IM_EN.pdf twice, UA Mozilla and UA ThingDaddy: both http=200, 28063 bytes, text/html, title 'Access : SHIMADZU'","CTO-Mikros, SPD-M40 and the general-line CTO-40C. Their control plane is this controller; the CL controller 228-97201B does not mention any of the three.","yes -- three instruments"
"228-97538","iCMP Operation Guide","Number supplied by KJ; not on any listing reachable without a login. The whole 975xx family 404s on the IVD path.","GET /an/ivd/L/228-97538.pdf -> 404. Also probed 97523, 97524, 97525 -> all 404. iCMP product node 10318 has NO merged_download_list (404), so the JSON listing endpoint cannot reach it either.","What is ENCODED IN the iCMP 2D tag. Narrowed 6 Sep: the tag's BEHAVIOUR is already on disk from 228-97524A (P1/IdentityBinding, 7 page-cited claims) -- reading a tag records column information in LabSolutions, a mismatched column refuses the run, tags cannot be scanned mid-analysis, and Column Manager IDs are free text (0001, 0002@, 125IB00052, 3452rew, Demo_01) with no check digit, no namespace and no issuing authority. What remains unknown is the payload the 2D code itself carries, and whether it equals that free-text Column ID.","yes -- the tag payload"
"228-97524A","SCN-40 Instruction Manual","Same 975xx family, same 404. Its CLAIMS are already in content_claim (P2/Drivers 18-23, page-cited), so another window read it, but the PDF is not in driver_docs/.","GET /an/ivd/L/228-97524.pdf -> 404. No copy under driver_docs/ or driver_library/. Every on-disk '97524' hit is a sha256 substring collision, not the document.","Re-reading the iCMP code reader beyond the six claims already held.","no -- claims already banked"
"(unnumbered)","Column Manager Operating Manual","Not published. Cited in 228-97194D p.106 as 'provided with LabSolutions' -- it ships with the software, so it has no web listing to find.","None possible. No publication number is quoted anywhere in the seven CL manuals fetched.","Column Manager acquisition-log and print behaviour.","no"
