urn,source_url,name,brand,adapter,seen_at
urn:epc:id:gtin:04260556635491,https://world.openfoodfacts.org/product/4260556635491/cold-brew-coffee-geschmack-yfood,Cold Brew Coffee,yfood,openfoodfacts,1784436785
urn:epc:id:gtin:04260556631356,https://world.openfoodfacts.org/product/4260556631356/yfood-this-is-food-cold-brew-coffee,Yfood - This is food Cold Brew Coffee,yfood,openfoodfacts,1784436785
urn:epc:id:gtin:00041271027730,https://world.openfoodfacts.org/product/0041271027730/cold-brew-coffee-stōk,COLD BREW COFFEE,STŌK,openfoodfacts,1784436785
urn:epc:id:gtin:00853330007313,https://world.openfoodfacts.org/product/0853330007313/cold-brew-coffee-brekki,cold brew coffee,brekki,openfoodfacts,1784436785
urn:epc:id:gtin:00813636021703,https://world.openfoodfacts.org/product/0813636021703/mocha-cold-brew-coffee-with-almond-califia-farms,Mocha Cold Brew - Coffee with Almond,Califia Farms,openfoodfacts,1784436785
urn:epc:id:gtin:00012000192869,https://world.openfoodfacts.org/product/0012000192869/nitro-cold-brew-starbucks,NITRO COLD BREW,STARBUCKS,openfoodfacts,1784436785
urn:epc:id:gtin:00813636020652,https://world.openfoodfacts.org/product/0813636020652/cold-brew-black-coffee-blonde-roast-califia-farms,COLD BREW BLACK COFFEE BLONDE ROAST,CALIFIA FARMS,openfoodfacts,1784436785
urn:epc:id:gtin:00076840000760,https://world.openfoodfacts.org/product/0076840000760/cold-brew-coffee-dairy-free-sorbetto-talenti,Cold Brew Coffee Dairy Free Sorbetto,Talenti,openfoodfacts,1784436785
urn:epc:id:gtin:00096619226504,https://world.openfoodfacts.org/product/0096619226504/cold-brew-coffee-100-colombian-kirkland-signature,Cold Brew Coffee 100% Colombian,Kirkland Signature,openfoodfacts,1784436785
urn:epc:id:gtin:00012000192906,https://world.openfoodfacts.org/product/0012000192906/nitro-cold-brew-premium-coffee-drink-vanilla-sweet-cream-starbucks,Nitro Cold Brew Premium Coffee Drink Vanilla Sweet Cream,Starbucks,openfoodfacts,1784436785
urn:epc:id:gtin:03770025630090,https://world.openfoodfacts.org/product/3770025630090/cold-brew-green-coffee,Cold Brew Green Coffee,,openfoodfacts,1784436785
urn:epc:id:gtin:00098100100348,https://world.openfoodfacts.org/product/0098100100348/cold-brew-salted-caramel-cream-starbucks,Cold Brew Salted Caramel Cream,Starbucks,openfoodfacts,1784436785
urn:epc:id:gtin:04901201156731,https://world.openfoodfacts.org/product/4901201156731/cold-brew-coffee-ucc,Cold Brew Coffee,UCC,openfoodfacts,1784436785
urn:epc:id:gtin:04260556635378,https://world.openfoodfacts.org/product/4260556635378/cold-brew-coffee-yfood,Cold Brew Coffee,Yfood,openfoodfacts,1784436785
urn:epc:id:gtin:00041271027747,https://world.openfoodfacts.org/product/0041271027747/cold-brew-coffee-stōk,Cold Brew Coffee,STōK,openfoodfacts,1784436785
urn:epc:id:gtin:00813636020645,https://world.openfoodfacts.org/product/0813636020645/pure-black-medium-roast-cold-brew-coffee-califa-farms,Pure Black Medium Roast Cold Brew Coffee,"Califa Farms, Califia Farms",openfoodfacts,1784436785
urn:epc:id:gtin:04260556631172,https://world.openfoodfacts.org/product/4260556631172/this-is-food-cold-brew-coffee-yfood,This Is Food Cold Brew Coffee,yfood,openfoodfacts,1784436785
urn:epc:id:gtin:00762111380159,https://world.openfoodfacts.org/product/0762111380159/madagascar-vanilla-cold-brew-coffee-starbucks,Madagascar Vanilla Cold Brew Coffee,Starbucks,openfoodfacts,1784436785
urn:epc:id:gtin:00036632078070,https://world.openfoodfacts.org/product/0036632078070/stōk-cold-brew-coffee-espresso-blend,STōK Cold Brew Coffee Espresso Blend,STōK,openfoodfacts,1784436785
urn:epc:id:gtin:00036632079251,https://world.openfoodfacts.org/product/0036632079251/cold-brew-peppermint-coffee-stok-cold-brew-peppermint-coffee,Cold brew peppermint coffee,Stok cold brew peppermint coffee,openfoodfacts,1784436785
urn:epc:id:gtin:00604913002160,https://world.openfoodfacts.org/product/0604913002160/cold-brew-coffee-la-colombe,Cold Brew Coffee,La Colombe,openfoodfacts,1784436785
urn:epc:id:gtin:00881334016499,https://world.openfoodfacts.org/product/0881334016499/cold-brew-coffee-dunkin,Cold Brew Coffee,Dunkin',openfoodfacts,1784436785
urn:epc:id:gtin:00854092006149,https://world.openfoodfacts.org/product/0854092006149/cold-brew-coffee-koia,Cold Brew Coffee,koia,openfoodfacts,1784436785
urn:epc:id:gtin:04061462201028,https://world.openfoodfacts.org/product/4061462201028/vanilla-cream-cold-brew-coffee-barissimo,Vanilla Cream Cold Brew Coffee,Barissimo,openfoodfacts,1784436785
urn:epc:id:gtin:00852909003534,https://world.openfoodfacts.org/product/0852909003534/double-espresso-cold-brew-coffee-with-almond-milk-califia-farms,Double Espresso Cold Brew Coffee With Almond Milk,"Califia Farms, Califia Farms  Lp",openfoodfacts,1784436785
urn:epc:id:gtin:00852909003541,https://world.openfoodfacts.org/product/0852909003541/mocha-cold-brew-coffee-with-almondmilk-califia-farms,Mocha Cold Brew Coffee With Almondmilk,"Califia Farms, Califia Farms  Lp",openfoodfacts,1784436785
urn:epc:id:gtin:00854560005049,https://world.openfoodfacts.org/product/0854560005049/cold-brew-coffee-high-brew-coffee-inc,Cold Brew Coffee,High Brew Coffee  Inc.,openfoodfacts,1784436785
urn:epc:id:gtin:00813314016076,https://world.openfoodfacts.org/product/0813314016076/authentic-cold-brew-coffee,Authentic cold brew coffee,,openfoodfacts,1784436785
urn:epc:id:gtin:00864421000359,https://world.openfoodfacts.org/product/0864421000359/nitro-cold-brew-coffee-rise-brewing-co,NITRO COLD BREW COFFEE,RISE BREWING CO.,openfoodfacts,1784436785
urn:epc:id:gtin:00893723002839,https://world.openfoodfacts.org/product/0893723002839/cold-brew-coffee-concentrate,Cold brew coffee concentrate,,openfoodfacts,1784436785
urn:epc:id:gtin:00859563006062,https://world.openfoodfacts.org/product/0859563006062/nitro-cold-brew-coffee-nitro,"Nitro cold brew coffee, nitro",,openfoodfacts,1784436785
urn:epc:id:gtin:00604913002153,https://world.openfoodfacts.org/product/0604913002153/cold-brew-coffee-la-colombe,Cold Brew Coffee,La Colombe,openfoodfacts,1784436785
urn:epc:id:gtin:00855186006878,https://world.openfoodfacts.org/product/0855186006878/cold-brew-coffee-with-oatmilk-original-oatly,COLD BREW COFFEE WITH OATMILK ORIGINAL,Oatly,openfoodfacts,1784436785
urn:epc:id:gtin:00762111380135,https://world.openfoodfacts.org/product/0762111380135/cold-brew-coffee-concentrate-caramel-dolce-starbucks,Cold Brew Coffee Concentrate Caramel Dolce,Starbucks,openfoodfacts,1784436785
urn:epc:id:gtin:00036632072962,https://world.openfoodfacts.org/product/0036632072962/cold-brew-coffee-black-unsweetened-stok,Cold Brew coffee black unsweetened,Stok,openfoodfacts,1784436785
urn:epc:id:gtin:00000042414025,https://world.openfoodfacts.org/product/42414025/cold-brew-coffee-energy-drink-kong-strong,Cold Brew Coffee Energy Drink,"Kong Strong, Wild Power",openfoodfacts,1784436785
urn:epc:id:gtin:00077890464212,https://world.openfoodfacts.org/product/0077890464212/cold-brew-unsweetened-black-coffee-the-buzz,Cold Brew Unsweetened Black Coffee,The Buzz,openfoodfacts,1784436785
urn:epc:id:gtin:00000000626118,https://world.openfoodfacts.org/product/00626118/cold-brew-coffee-trader-joe-s,Cold Brew Coffee,Trader Joe's,openfoodfacts,1784436785
urn:epc:id:gtin:00096619227006,https://world.openfoodfacts.org/product/0096619227006/cold-brew-colombian-coffee-kirkland,Cold Brew Colombian Coffee,Kirkland,openfoodfacts,1784436785
urn:epc:id:gtin:00000000507592,https://world.openfoodfacts.org/product/00507592/cold-brew-coffee-concentrate-trader-joe-s,Cold brew coffee concentrate,Trader Joe's,openfoodfacts,1784436785
urn:epc:id:gtin:00000000569521,https://world.openfoodfacts.org/product/00569521/black-cold-brew-coffee-trader-joe-s,Black Cold Brew Coffee,Trader Joe's,openfoodfacts,1784436785
urn:epc:id:gtin:00011225007385,https://world.openfoodfacts.org/product/0011225007385/cold-brew-coffee,Cold Brew Coffee,,openfoodfacts,1784436785
urn:epc:id:gtin:00544074006211,https://world.openfoodfacts.org/product/0544074006211/cold-brew-coffee-extra-creamy-skyr-icelandic-provisions,Cold brew coffee  extra creamy skyr,Icelandic provisions,openfoodfacts,1784436785
urn:epc:id:gtin:00041220963454,https://world.openfoodfacts.org/product/0041220963454/black-cold-brew-coffee,Black Cold Brew Coffee,,openfoodfacts,1784436785
urn:epc:id:gtin:00000029320653,https://world.openfoodfacts.org/product/29320653/chilled-cold-brew-oat-latte-m-s-food,chilled cold brew oat latte,m&s food,openfoodfacts,1784436785
urn:epc:id:gtin:00762111525499,https://world.openfoodfacts.org/product/0762111525499/brown-sugar-cinnamon-cold-brew-coffee-concentrate-starbucks,Brown Sugar Cinnamon Cold Brew Coffee Concentrate,Starbucks,openfoodfacts,1784436785
urn:epc:id:gtin:00000029359745,https://world.openfoodfacts.org/product/29359745/m-s-classic-latte-cold-brew-coffee,M&S Classic Latte Cold Brew Coffee,Marks & Spencers,openfoodfacts,1784436785
urn:epc:id:gtin:00036632076182,https://world.openfoodfacts.org/product/0036632076182/cold-brew-coffee-stok,Cold Brew Coffee,Stok,openfoodfacts,1784436785
urn:epc:id:gtin:00852909003497,https://world.openfoodfacts.org/product/0852909003497/double-espresso-cold-brew-coffee-with-almond-milk-califia-farms,Double Espresso Cold Brew Coffee With Almond Milk,"Califia Farms, Califia Farms  Lp",openfoodfacts,1784436785
urn:epc:id:gtin:00762111561589,https://world.openfoodfacts.org/product/0762111561589/cold-brew-dark-chocolate-hazelnut-concentrate-starbucks,Cold Brew Dark Chocolate Hazelnut Concentrate,Starbucks,openfoodfacts,1784436785
urn:epc:id:gtin:05999571050079,https://world.openfoodfacts.org/product/5999571050079/hell-ice-coffee-cold-brew-black-coffee-hell-energy,Hell Ice Coffee Cold Brew Black Coffee,Hell Energy,openfoodfacts,1784436785
urn:epc:id:gtin:00868235000444,https://world.openfoodfacts.org/product/0868235000444/oat-milk-latte-nitro-cold-brew-coffee-rise-brewing-co,Oat Milk Latte Nitro Cold Brew Coffee,Rise Brewing Co.,openfoodfacts,1784436785
urn:epc:id:gtin:00000000792073,https://world.openfoodfacts.org/product/00792073/pumpkin-spice-cold-brew-coffee-concentrate-trader-joe-s,Pumpkin Spice Cold Brew Coffee Concentrate,Trader Joe's,openfoodfacts,1784436785
urn:epc:id:gtin:00000000791731,https://world.openfoodfacts.org/product/00791731/vanilla-cardamom-cold-brew-coffee-trader-joe-s,Vanilla Cardamom Cold Brew Coffee,Trader Joe's,openfoodfacts,1784436785
urn:epc:id:gtin:09276095635491,https://world.openfoodfacts.org/product/9276095635491/cold-brew-coffee-yfood,Cold brew Coffee,yfood,openfoodfacts,1784436785
urn:epc:id:gtin:00810083070810,https://world.openfoodfacts.org/product/0810083070810/cold-brew-black-unsweet-super-coffee,Cold Brew Black & Unsweet,Super Coffee,openfoodfacts,1784436785
urn:epc:id:gtin:00196761497804,https://world.openfoodfacts.org/product/0196761497804/cold-brew-coffee-caramel-good-and-gather,Cold Brew Coffee Caramel,Good And Gather,openfoodfacts,1784436785
urn:epc:id:gtin:00036632079671,https://world.openfoodfacts.org/product/0036632079671/energy-coffee-beverage-stok-cold-brew,ENERGY COFFEE BEVERAGE,SToK COLD BREW,openfoodfacts,1784436785
urn:epc:id:gtin:00854092006972,https://world.openfoodfacts.org/product/0854092006972/cold-brew-coffee-protein-shake-koia,Cold Brew Coffee Protein Shake,Koia,openfoodfacts,1784436785
urn:epc:id:gtin:00813636024186,https://world.openfoodfacts.org/product/0813636024186/cold-brew-black-coffee-espresso-blend-califia-farms,Cold brew black coffee espresso blend,Califia Farms,openfoodfacts,1784436785
urn:epc:id:gtin:00036632080653,https://world.openfoodfacts.org/product/0036632080653/cold-brew-coffee-stock,Cold brew coffee,Stock,openfoodfacts,1784436785
urn:epc:id:gtin:05059697690648,https://world.openfoodfacts.org/product/5059697690648/cold-brew-coffee-unsweetened-concentrate-tesco-finest,Cold Brew Coffee (Unsweetened Concentrate),Tesco Finest,openfoodfacts,1784436785
urn:epc:id:gtin:00071142000555,https://world.openfoodfacts.org/product/0071142000555/cold-brew-coffee-stōk,Cold Brew Coffee,STōK,openfoodfacts,1784436785
urn:epc:id:gtin:00036632080646,https://world.openfoodfacts.org/product/0036632080646/cold-brew-coffee-stōk,Cold Brew Coffee,STōK,openfoodfacts,1784436785
urn:epc:id:gtin:00850205006716,https://world.openfoodfacts.org/product/0850205006716/cold-brew-joe-coffee,Cold Brew,Joe Coffee,openfoodfacts,1784436785
urn:epc:id:gtin:04973450168612,https://world.openfoodfacts.org/product/4973450168612/cold-brewed-coffee-西友,Cold brewed coffee,"UCC, みなさまの墨付き, 上島珈琲, 西友",openfoodfacts,1784436785
urn:epc:id:gtin:00077890482995,https://world.openfoodfacts.org/product/0077890482995/cold-brew-unsweetened-black-coffee-pumpkin-spice,Cold Brew Unsweetened Black Coffee Pumpkin Spice,,openfoodfacts,1784436785
urn:epc:id:gtin:00033372078070,https://world.openfoodfacts.org/product/0033372078070/cold-brew-coffee-un-sweet-black-stok,Cold Brew Coffee Un-Sweet Black,Stok,openfoodfacts,1784436785
urn:epc:id:gtin:00850046990038,https://world.openfoodfacts.org/product/0850046990038/equator-cold-brew-coffee-vanilla,Equator Cold Brew Coffee Vanilla,Equator,openfoodfacts,1784436785
urn:epc:id:gtin:00850038442095,https://world.openfoodfacts.org/product/0850038442095/cold-brew-coffee-with-condensed-milk-nguyen-coffee-supply,Cold Brew Coffee with Condensed Milk,Nguyen Coffee Supply,openfoodfacts,1784436785
urn:epc:id:gtin:00030034096663,https://world.openfoodfacts.org/product/0030034096663/cold-brew-coffee-concentrate-original-market-district,"Cold Brew Coffee Concentrate, Original","Giant Eagle  Inc., Market District",openfoodfacts,1784436785
urn:epc:id:gtin:00030034096687,https://world.openfoodfacts.org/product/0030034096687/market-district-cold-brew-coffee-vanilla,"Market district, cold brew coffee, vanilla","Giant Eagle  Inc., Market District",openfoodfacts,1784436785
urn:epc:id:gtin:00030034096694,https://world.openfoodfacts.org/product/0030034096694/cold-brew-coffee-giant-eagle-inc,Cold Brew Coffee,Giant Eagle  Inc.,openfoodfacts,1784436785
urn:epc:id:gtin:00034538835438,https://world.openfoodfacts.org/product/0034538835438/smith-brothers-farms-tony-s-coffee-organic-cold-brew-coffee-chocolate-smith-bros-farms-inc,"Smith Brothers Farms, Tony's Coffee, Organic Cold Brew Coffee, Chocolate",Smith Bros. Farms Inc.,openfoodfacts,1784436785
urn:epc:id:gtin:00034538837654,https://world.openfoodfacts.org/product/0034538837654/smith-brothers-farms-tony-s-coffee-organic-cold-brew-coffee-smith-bros-farms-inc,"Smith Brothers Farms, Tony's Coffee, Organic Cold Brew Coffee",Smith Bros. Farms Inc.,openfoodfacts,1784436785
urn:epc:id:gtin:00034538855436,https://world.openfoodfacts.org/product/0034538855436/organic-cold-brew-coffee-smith-bros-farms-inc,Organic cold brew coffee,Smith Bros. Farms Inc.,openfoodfacts,1784436785
urn:epc:id:gtin:00034538857652,https://world.openfoodfacts.org/product/0034538857652/smith-brothers-farms-tony-s-coffee-organic-cold-brew-coffee-smith-bros-farms-inc,"Smith Brothers Farms, Tony's Coffee, Organic Cold Brew Coffee",Smith Bros. Farms Inc.,openfoodfacts,1784436785
urn:epc:id:gtin:00041820812114,https://world.openfoodfacts.org/product/0041820812114/steep-18-medium-roast-donut-blend-cold-brew-coffee-bay-valley-foods-llc,"Steep 18, Medium Roast Donut Blend Cold Brew Coffee",Bay Valley Foods  Llc,openfoodfacts,1784436785
urn:epc:id:gtin:00041820812138,https://world.openfoodfacts.org/product/0041820812138/cold-brew-coffee-bay-valley-foods-llc,Cold brew coffee,Bay Valley Foods  Llc,openfoodfacts,1784436785
urn:epc:id:gtin:00041820812787,https://world.openfoodfacts.org/product/0041820812787/cold-brew-signature-medium-roast-coffee-steep-18,Cold Brew Signature Medium Roast Coffee,Steep 18,openfoodfacts,1784436785
urn:epc:id:gtin:00071452500004,https://world.openfoodfacts.org/product/0071452500004/premium-cold-brew-coffee-morning-fresh,Premium Cold Brew Coffee,Morning Fresh,openfoodfacts,1784436785
urn:epc:id:gtin:00071452500011,https://world.openfoodfacts.org/product/0071452500011/cold-brew-coffee-merchants-distributors-inc,Cold brew coffee,Merchants Distributors Inc.,openfoodfacts,1784436785
urn:epc:id:gtin:00072830075084,https://world.openfoodfacts.org/product/0072830075084/tillamook-ice-cream-stumptown-cold-brew-coffee,"Tillamook, ice cream, stumptown cold brew coffee","Tillamook, Tillamook Country",openfoodfacts,1784436785
urn:epc:id:gtin:00180626000926,https://world.openfoodfacts.org/product/0180626000926/cold-brew-coffee-nitro,Cold brew coffee,Nitro,openfoodfacts,1784436785
urn:epc:id:gtin:00180626000360,https://world.openfoodfacts.org/product/0180626000360/cold-brew-coffee-with-milk-stumptown-coffee-roasters,Cold Brew Coffee With Milk,Stumptown Coffee Roasters,openfoodfacts,1784436785
urn:epc:id:gtin:00180626000711,https://world.openfoodfacts.org/product/0180626000711/stumptown-coffee-roasters-cold-brew-coffee-stumptown-coffee-roasters-inc,"Stumptown Coffee Roasters, Cold Brew Coffee",Stumptown Coffee Roasters Inc.,openfoodfacts,1784436785
urn:epc:id:gtin:00180626000735,https://world.openfoodfacts.org/product/0180626000735/cold-brew-coffee-with-milk-stumptown-coffee-roasters,Cold brew coffee with milk,Stumptown Coffee Roasters,openfoodfacts,1784436785
urn:epc:id:gtin:00180626000971,https://world.openfoodfacts.org/product/0180626000971/cold-brew-coffee-roasters-stumptown-cold-brew,Cold brew coffee roasters,Stumptown Cold Brew,openfoodfacts,1784436785
urn:epc:id:gtin:00616909469512,https://world.openfoodfacts.org/product/0616909469512/capitol-cold-brew-coffee-computer-companions,Capitol cold brew coffee,Computer Companions,openfoodfacts,1784436785
urn:epc:id:gtin:00672713999270,https://world.openfoodfacts.org/product/0672713999270/cold-brew-coffee-funtastic-games-inc,Cold brew coffee,Funtastic Games  Inc.,openfoodfacts,1784436785
urn:epc:id:gtin:00683203915663,https://world.openfoodfacts.org/product/0683203915663/hudson-coffee-co-cold-brew-coffee-randys-greenhouse,"Hudson Coffee Co, Cold Brew Coffee",Randys Greenhouse,openfoodfacts,1784436785
urn:epc:id:gtin:00696859187414,https://world.openfoodfacts.org/product/0696859187414/cold-brew-coffee-concentrate-topo-logic-systems-inc,Cold brew coffee concentrate,Topo-Logic Systems  Inc.,openfoodfacts,1784436785
urn:epc:id:gtin:00696859913297,https://world.openfoodfacts.org/product/0696859913297/blackeye-roasting-co-cold-brew-coffee-topo-logic-systems-inc,"Blackeye Roasting Co, Cold Brew Coffee",Topo-Logic Systems  Inc.,openfoodfacts,1784436785
urn:epc:id:gtin:00696859913303,https://world.openfoodfacts.org/product/0696859913303/cold-brew-coffee-topo-logic-systems-inc,Cold Brew Coffee,Topo-Logic Systems  Inc.,openfoodfacts,1784436785
urn:epc:id:gtin:00712324455519,https://world.openfoodfacts.org/product/0712324455519/cold-brew-coffee-backyard-beans,Cold Brew Coffee,Backyard Beans,openfoodfacts,1784436785
urn:epc:id:gtin:00785357016651,https://world.openfoodfacts.org/product/0785357016651/baridi-black-cold-brew-coffee-peet-s-coffee-and-tea-inc,Baridi black cold brew coffee,Peet's Coffee And Tea  Inc.,openfoodfacts,1784436785
urn:epc:id:gtin:00785357016668,https://world.openfoodfacts.org/product/0785357016668/cold-brew-coffee-peet-s-coffee-and-tea-inc,Cold brew coffee,Peet's Coffee And Tea  Inc.,openfoodfacts,1784436785
urn:epc:id:gtin:00785357016675,https://world.openfoodfacts.org/product/0785357016675/dark-chocolate-cold-brew-coffee-peet-s,Dark chocolate cold brew coffee,Peet's,openfoodfacts,1784436785
urn:epc:id:gtin:00788709498006,https://world.openfoodfacts.org/product/0788709498006/cold-brew-coffee-ferris,Cold brew coffee,"Ferris, Ferris Coffee & Nut Co.",openfoodfacts,1784436785
urn:epc:id:gtin:00794504695519,https://world.openfoodfacts.org/product/0794504695519/grady-s-cold-brew-coffee-concentrate-paradise-eximport-inc,"Grady's Cold Brew, Coffee Concentrate",Paradise Eximport  Inc.,openfoodfacts,1784436785
